
<HTML>
<HEAD>
<TITLE>EMAIL ADDRESS LIST</TITLE>
</HEAD>
<BODY background="http://02c1dad.netsolhost.com/710back.gif">
<CENTER><FONT SIZE=+2><STRONG>CREW MEMBER<BR>E-MAIL ADDRESSES</STRONG></FONT></CENTER><BR>
<P ALIGN=LEFT>

<pre>
ADAMO, Charles                     RM3   60-63  <A HREF="mailto:cadam21@yahoo.com">cadam21@yahoo.com</A>                                                
ADAMS, H. Paul                     SF2   54-59  <A HREF="mailto:adamsrib@ktis.net">adamsrib@ktis.net</A>                                                
ALBANESE, Ernest                   S2C   45-46  <A HREF="mailto:dpc31351@yahoo.com">dpc31351@yahoo.com</A>                                              
ALBRECHT, William                  BM2   62-64  <A HREF="mailto:albs56@aol.com">albs56@aol.com</A>                                                      
ALLEMAN, Lee                       LT    53-55  <A HREF="mailto:lee73120@aol.com">lee73120@aol.com</A>                                                  
ALPHONSE, Ronald                   GM3   52-56  <A HREF="mailto:rlalphonse@sault.com">rlalphonse@sault.com</A>                                          
ALTHOUSE, Paul                     LTJG  64-66  <A HREF="mailto:PMACLJA@aol.com">PMACLJA@aol.com</A>                                                    
ANDERSON, Albert 'Butch'           ICFN  62-64  <A HREF="mailto:alfranbensam@charter.net">alfranbensam@charter.net</A>                                  
ANGER, Arnold                      GMGSN 56-58  <A HREF="mailto:rbinhood0063@aol.com">rbinhood0063@aol.com</A>                                          
ASKEW, Foster R.                   GM3   45     <A HREF="mailto:asku3@verizon.net">asku3@verizon.net</A>                                                
AYERS, Arnold                      F1C   46     <A HREF="mailto:alicearnie@aol.com">alicearnie@aol.com</A>                                              
BAKER, Dwaine D.                   IC    56-60  <A HREF="mailto:bevdnewsome@yahoo.com">bevdnewsome@yahoo.com</A>                                        
BAKER, Kenneth                     ETN3  62-64  <A HREF="mailto:kbaker4640@aol.com">kbaker4640@aol.com</A>                                              
BARNES, Don                        LTJG  51-53  <A HREF="mailto:donbarnes@aol.com">donbarnes@aol.com</A>                                                
BARON, Roger P.                    RM1   67-69  <A HREF="mailto:Rogbaron@aol.com">Rogbaron@aol.com</A>                                                  
BARRETT, Michael                   CSSN  54-58  <A HREF="mailto:gramanina@aol.com">gramanina@aol.com</A>                                                
BASNETT, William                   FN    56-57  <A HREF="mailto:Billbasnett@cox.net">Billbasnett@cox.net</A>                                            
BATEMAN, Tom                       BT2   66-69  <A HREF="mailto:julesb728@yahoo.com">julesb728@yahoo.com</A>                                            
BATTIATO, Robert                   MMFN  60-61  <A HREF="mailto:Rbattiat@comcast.net">Rbattiat@comcast.net</A>                                          
BAUER, James                       MM2   63-66  <A HREF="mailto:jimbauer@castles.com">jimbauer@castles.com</A>                                          
BECK, William                      RD3   54-57  <A HREF="mailto:mtbecks@optimum.net">mtbecks@optimum.net</A>                                            
BECKER, Eddie                      EM2   62-64  <A HREF="mailto:edsuebecker451@wowway.com">edsuebecker451@wowway.com</A>                                
BEERS, Gerald                      BMSN  65-68  <A HREF="mailto:JB285@AOL.com">JB285@AOL.com</A>                                                        
BENCHOFF, Donald                   SOG2  55-59  <A HREF="mailto:donbenchoff@comcast.net">donbenchoff@comcast.net</A>                                    
BENNICE, Vince                     ETR3  70-73  <A HREF="mailto:vpb67@bex.net">vpb67@bex.net</A>                                                        
BENSEL, William                    SN    56-57  <A HREF="mailto:wbensel@infoave.net">wbensel@infoave.net</A>                                            
BENSON, Perry                      ENS   60-61  <A HREF="mailto:bensops5177@comcast.net">bensops5177@comcast.net</A>                                    
BENTO, Ray                         GMSN  56-60  <A HREF="mailto:myrtle710@aol.com">myrtle710@aol.com</A>                                                
BERTUCCI, George                   FT2   49-53  <A HREF="mailto:IRCLOVER@worldnet.att.net">IRCLOVER@worldnet.att.net</A>                                
BIELAWSKI, John C.                 MM2   68-72  <A HREF="mailto:jb710@zoominternet.net">jb710@zoominternet.net</A>                                      
BILLIS, Joseph                     WT2   44-45  <A HREF="mailto:joespalace@msn.com">joespalace@msn.com</A>                                              
BILTEAU, Charles                   SN    60-61  <A HREF="mailto:cb06199@gmail.com">cb06199@gmail.com</A>                                                
BIRESCH, James H.                  BT2   57-61  <A HREF="mailto:bireschj@verizon.net">bireschj@verizon.net</A>                                          
BIRESCH, John                      EM2   56-59  <A HREF="mailto:marybiresch@yahoo.com">marybiresch@yahoo.com</A>                                        
BISH, David                        BMSN  65-68  <A HREF="mailto:dbish67933@aol.com">dbish67933@aol.com</A>                                              
BISHOP, Rosalie (Edward C.)        CDR   45-46  <A HREF="mailto:rbish7@aol.com">rbish7@aol.com</A>                                                      
BITSOLI, George                    L/CPL 61     <A HREF="mailto:GBitsoli@cox.net">GBitsoli@cox.net</A>                                                  
BOARDMAN, John                     LTJG  53-55  <A HREF="mailto:BOARD617@ATT.NET">BOARD617@ATT.NET</A>                                                  
BROOKS, Don                        GMG1  58-60  <A HREF="mailto:GREAT MOMAD@AOL.COM">GREAT MOMAD@AOL.COM</A>                                            
BROOKS, Kenneth                    MM1   71-73  <A HREF="mailto:kebrooks@snet.net">kebrooks@snet.net</A>                                                
BROWN, Willie                      RD3   61-62  <A HREF="mailto:bill@keithtv.com">bill@keithtv.com</A>                                                  
BRUNO, Phillip                     SFP2  58-62  <A HREF="mailto:philliac@aol.com">philliac@aol.com</A>                                                  
BUGERT, Robert                     SM2   57-58  <A HREF="mailto:bobbugert@aol.com">bobbugert@aol.com</A>                                                
BULLENS, William F.                PN3   62-64  <A HREF="mailto:bbullens@charter.net">bbullens@charter.net</A>                                          
BURKETT, Fred                      BKR2  45     <A HREF="mailto:eburket1@cox.net">eburket1@cox.net</A>                                                  
BURNS, Mary (Geroge L. Jr)         MM3   45-46  <A HREF="mailto:moosefan35@yahoo.com">moosefan35@yahoo.com</A>                                          
BURR, Susan (Robert)               CS2   49-52  <A HREF="mailto:srburr@comcast.net">srburr@comcast.net</A>                                              
CALHOUN, Robert                    MM3   55-59  <A HREF="mailto:FISHONTHESANDIPEARL@prodigy.net">FISHONTHESANDIPEARL@prodigy.net</A>                    
CAMPUZANO, Julio                   SK3   71-72  <A HREF="mailto:jc852@aol.com">jc852@aol.com</A>                                                        
CARAHER, James R.                  SO3   49-50  <A HREF="mailto:riccarah@aol.com">riccarah@aol.com</A>                                                  
CARMICHAEL, Randy                  BMSN  60-61  <A HREF="mailto:bcarmichael1@charter.net">bcarmichael1@charter.net</A>                                  
CARON, Carlton                     SK3   46-47  <A HREF="mailto:SQAWBETTY@AOL.COM">SQAWBETTY@AOL.COM</A>                                                
CARROLL, John                      BT3   70-73  <A HREF="mailto:Jadasie@Juno.com">Jadasie@Juno.com</A>                                                  
CARSON, Ralph                      BT3   48-52  <A HREF="mailto:Daddy Cakes1@aol.com">Daddy Cakes1@aol.com</A>                                          
CARTER, James                      QM3   66-68  <A HREF="mailto:james9398@verizon.net">james9398@verizon.net</A>                                        
CARTER, Sam                        S1C   46-47  <A HREF="mailto:flburton@earthlink.net">flburton@earthlink.net</A>                                      
CASEY, William                     RD3   58-60  <A HREF="mailto:bnbcasey57@gmail.com">bnbcasey57@gmail.com</A>                                          
CERESOLI, David                    FN    50-52  <A HREF="mailto:sgt.rock@embarqmail.com">sgt.rock@embarqmail.com</A>                                    
CHADWICK, Stephen                  LTJG  62-64  <A HREF="mailto:schadwick62@veriton.net">schadwick62@veriton.net</A>                                    
CHANDLER, William (Ralph C.)       LTJG  57     <A HREF="mailto:wchandler098@comcast.net">wchandler098@comcast.net</A>                                  
CIAMPAGLIA, Christian              YN2   52-54  <A HREF="mailto:chrisbev1724@att.net">chrisbev1724@att.net</A>                                          
CIRISH, George H.                  YN2   70-71  <A HREF="mailto:gcirish@sbcglobal.net">gcirish@sbcglobal.net</A>                                        
CLEMENT, Gerard                    RD1   51-55  <A HREF="mailto:nynex01@verizon.net">nynex01@verizon.net</A>                                            
CLEVENGER, Ronald                  FTG3  55-56  <A HREF="mailto:Golfer735@aol.com">Golfer735@aol.com</A>                                                
COBB, Leroy                        FN    53-54  <A HREF="mailto:leroy.cobb@kvnet.org">leroy.cobb@kvnet.org</A>                                          
COLE, Jack                         QM2   70-72  <A HREF="mailto:jaccole@deloitte.com">jaccole@deloitte.com</A>                                          
COLE, Thomas                       SF3   64-65  <A HREF="mailto:THKK@aol.com">THKK@aol.com</A>                                                          
CONFORTI, Peter A.                 STG2  71-73  <A HREF="mailto:peterconforti@yahoo.com">peterconforti@yahoo.com</A>                                    
CONNELLY, David                    RM3   70-71  <A HREF="mailto:djc47@sbcglobal.net">djc47@sbcglobal.net</A>                                            
CONSIDINE, Frank                   GMG3  70-72  <A HREF="mailto:frconsidine@gmail.com">frconsidine@gmail.com</A>                                        
COOK, Richard I.                   GM2   51-55  <A HREF="mailto:lcook55@internet49.com">lcook55@internet49.com</A>                                      
COPELAND, George L.                ME2   55-58  <A HREF="mailto:georgecope@hotmail.com">georgecope@hotmail.com</A>                                      
COSTEN, Roland                     SN    64-66  <A HREF="mailto:lincolnman9811554@yahoo.com">lincolnman9811554@yahoo.com</A>                            
COURTNEY, Clint                    QMSN  60-61  <A HREF="mailto:clintchc@aol.com">clintchc@aol.com</A>                                                  
COVINGTON, Joel B.                 ENS   69-72  <A HREF="mailto:joelbcovington@gmail.com">joelbcovington@gmail.com</A>                                  
COY, Scott                         FN    52-54  <A HREF="mailto:joycecoy@aol.com">joycecoy@aol.com</A>                                                  
CRANFORD, Jesse                    GMG1  67-70  <A HREF="mailto:jjesse337@aol.com">jjesse337@aol.com</A>                                                
CRAWFORD, Robert F.                FN    72-73  <A HREF="mailto:slick2791@yahoo.com">slick2791@yahoo.com</A>                                            
CROSSFIELD, Charles                SN    56-58  <A HREF="mailto:lindacrossfield1@gmail.com">lindacrossfield1@gmail.com</A>                              
CROSSFIELD, Frederick              SN    56-58  <A HREF="mailto:fremar410@charter.com">fremar410@charter.com</A>                                        
CRUTCHFIELD, Paul                  LCDR  56-57  <A HREF="mailto:CRUTCH44@EARTHLINK.NET">CRUTCH44@EARTHLINK.NET</A>                                      
CULP, Lowell                       LTJG  70-72  <A HREF="mailto:64mustang@ameritech.net">64mustang@ameritech.net</A>                                    
CUMMINS, Paul                      CDR   65-66  <A HREF="mailto:pzcummins@comcast.net">pzcummins@comcast.net</A>                                        
CUNY, Paul                         EM2   59-62  <A HREF="mailto:PCUNY@zoominternet.net">PCUNY@zoominternet.net</A>                                      
CURLEY, Paul                       BMSN  68-69  <A HREF="mailto:PJC999@VERIZON.NET">PJC999@VERIZON.NET</A>                                              
CURRAN, Phillip                    SH3   66-68  <A HREF="mailto:Philpc1@aol.com">Philpc1@aol.com</A>                                                    
D'AURELIO, Daniel                  BT3   70-73  <A HREF="mailto:DADaurelio@neo.rr.com">DADaurelio@neo.rr.com</A>                                        
DAGROSA, Vincent                   RM3   45-46  <A HREF="mailto:vdyne@att.net">vdyne@att.net</A>                                                        
DALEY, John                        DKSN  62-64  <A HREF="mailto:jdaley3018@comcast.net">jdaley3018@comcast.net</A>                                      
DANIEL, John                       ETN3  58-61  <A HREF="mailto:jdaniel999@aol.com">jdaniel999@aol.com</A>                                              
DAVIES, Dave                       RM1   67-70  <A HREF="mailto:davedavies1961@msn.com">davedavies1961@msn.com</A>                                      
DAVIS, Joseph                      SO3   69-70  <A HREF="mailto:vcdavis@intrex.net">vcdavis@intrex.net</A>                                              
DAVIS, Thomas W.                   SK3   68-72  <A HREF="mailto:tbdavis24@comcast.net">tbdavis24@comcast.net</A>                                        
DEBERRY, Robert                    DC3   66-68  <A HREF="mailto:DeBerryR6@aol.com">DeBerryR6@aol.com</A>                                                
DEPASQUALE, Anthony                RD3   45-46  <A HREF="mailto:anthonydepas@att.net">anthonydepas@att.net</A>                                          
DESOTO, Henry                      BM3   45-46  <A HREF="mailto:dad8@comcast.net">dad8@comcast.net</A>                                                  
DEACON, Thomas                     BM2   70-72  <A HREF="mailto:DEACON710@gmail.com">DEACON710@gmail.com</A>                                            
DEAL, Phillip W.                   SOG2  60-61  <A HREF="mailto:PWDEAL@earthlink.NET">PWDEAL@earthlink.NET</A>                                          
DEIGAN, James                      ENS   72-73  <A HREF="mailto:jdeigan@erols.com">jdeigan@erols.com</A>                                                
DENNIS, Fred                       LT    72-73  <A HREF="mailto:DennFrdd@AOL.COM">DennFrdd@AOL.COM</A>                                                  
DENT, Joseph                       BT3   55-59  <A HREF="mailto:Joebjdent@aol.com">Joebjdent@aol.com</A>                                                
DEPUTY, Milt                       RD3   62-64  <A HREF="mailto:Shotgunk32@hotmail.com">Shotgunk32@hotmail.com</A>                                      
DEW, Charles                       RM3   63-65  <A HREF="mailto:dews327@yahoo.com">dews327@yahoo.com</A>                                                
DILULLO, Andre                     MM3   72-73  <A HREF="mailto:DiLullo@prodigy.net">DiLullo@prodigy.net</A>                                            
DIETELBACH, Fred                   MM2   69-70  <A HREF="mailto:Yamahababy31@aol.com">Yamahababy31@aol.com</A>                                          
DIRMEIR, Guy                       IC3   61-63  <A HREF="mailto:racer15@bellsouth.net">racer15@bellsouth.net</A>                                        
DOCKEN, Delmer                     SKD2  45-46  <A HREF="mailto:UFFDA81@verizon.net">UFFDA81@verizon.net</A>                                            
DOHERTY, Ernest                    RD3   56-60  <A HREF="mailto:raebrevol@yahoo.com">raebrevol@yahoo.com</A>                                            
DONAUBAUER, John                   EM2   53-56  <A HREF="mailto:jdonaubauer@sbcglobal.net">jdonaubauer@sbcglobal.net</A>                                
DONOHUE, Daniel                    FTG3  65-66  <A HREF="mailto:sgtdsd@hotmail.com">sgtdsd@hotmail.com</A>                                              
DOUDRICK, Robert                   S1C   46     <A HREF="mailto:KC0FIU@SBCGLOBAL.NET">KC0FIU@SBCGLOBAL.NET</A>                                          
DOUGHERTY, Leo                     RM2   67-68  <A HREF="mailto:leodougherty@earthlink.net">leodougherty@earthlink.net</A>                              
DOWLING, Jim                       BM3   66-67  <A HREF="mailto:jdowlingneptune@aol.com">jdowlingneptune@aol.com</A>                                    
DRAKE, Larry L.                    MID   60     <A HREF="mailto:ldrake002@cinci.rr.com">ldrake002@cinci.rr.com</A>                                      
DROZ, Ralph                        MM3   48-52  <A HREF="mailto:wwwduceadd@aol.com">wwwduceadd@aol.com</A>                                              
DRUHAN, William                    FTG3  66-69  <A HREF="mailto:BDRUHAN@MSN.COM">BDRUHAN@MSN.COM</A>                                                    
DURANTE, Richard                   MM3   51-54  <A HREF="mailto:madrad13@verizon.net">madrad13@verizon.net</A>                                          
EATON, Butch                       BTFN  71-73  <A HREF="mailto:Mrbeard1@aol.com">Mrbeard1@aol.com</A>                                                  
ELLIS, Carrol                      GM3   56-59  <A HREF="mailto:calterry@metrocast.net">calterry@metrocast.net</A>                                      
ELRICK, Edmund                     IC3   55-57  <A HREF="mailto:edelrick0@verizon.net">edelrick0@verizon.net</A>                                        
ELWELL, Ronald                     PC2   68-70  <A HREF="mailto:rymron@fairpoint.net">rymron@fairpoint.net</A>                                          
ELWOOD, Gary                       SK2   69     <A HREF="mailto:garyelwood45@hotmail.com">garyelwood45@hotmail.com</A>                                  
EMMONS, Eugene                     MM3   53-55  <A HREF="mailto:dolores.emmons@yahoo.com">dolores.emmons@yahoo.com</A>                                  
EPPERSON, Hugh                     EM3   45-46  <A HREF="mailto:hepp85@yahoo.com">hepp85@yahoo.com</A>                                                  
ERICKSEN, Marjorie (William A.)    BM2   47-52  <A HREF="mailto:margieericksen@gmail.com">margieericksen@gmail.com</A>                                  
ESPENSHADE, Sherwood               RD3   61-64  <A HREF="mailto:SHERJAN@JUNO.COM">SHERJAN@JUNO.COM</A>                                                  
EVANS, George                      SN    66-68  <A HREF="mailto:Pyno@juno.com">Pyno@juno.com</A>                                                        
EVANS, Walter                      SM    46-47  <A HREF="mailto:evans.w.r@att.net">evans.w.r@att.net</A>                                                
EVANS, William Bruce               SN    62-64  <A HREF="mailto:WBRUCEEVANS@BELLSOUTH.NET">WBRUCEEVANS@BELLSOUTH.NET</A>                                
FARRELL, Richard                   YN3   60-62  <A HREF="mailto:rfarrell 1 @maine.rr.com">rfarrell 1 @maine.rr.com</A>                                  
FAULKNER, Harold                   SO3   49-50  <A HREF="mailto:haroldef@flash.net">haroldef@flash.net</A>                                              
FAWCETT, Jerry                     BMSN  59-62  <A HREF="mailto:jerryandleanna@yahoo.com">jerryandleanna@yahoo.com</A>                                  
FAY, George                        TMS1C 45-46  <A HREF="mailto:GFFAY13@GMAIL.COM">GFFAY13@GMAIL.COM</A>                                                
FERENCSIK, Michael                 LTJG  66-67  <A HREF="mailto:ferencsik@msn.com">ferencsik@msn.com</A>                                                
FERGUSON, Steven                   MM3   56-59  <A HREF="mailto:svferguson@optonline.net">svferguson@optonline.net</A>                                  
FISHER, Troy                       BT2   59-63  <A HREF="mailto:troy_fisher2000@yahoo.com">troy_fisher2000@yahoo.com</A>                                
FLINTON, Larry                     SFP2  60-62  <A HREF="mailto:gene@elfdock.com">gene@elfdock.com</A>                                                  
FLURIE, Abram                      F2    46-48  <A HREF="mailto:moosefan35@yahoo.com">moosefan35@yahoo.com</A>                                          
FLYNN, Robert                      BTC   46-56  <A HREF="mailto:rflynn-cv9@juno.com">rflynn-cv9@juno.com</A>                                            
FOGEL, Dale                        RM2   50-53  <A HREF="mailto:bigguy@penn.com">bigguy@penn.com</A>                                                    
FORTH, Thomas                      RMSN  46-47  <A HREF="mailto:thomiv@iowatelecom.net">thomiv@iowatelecom.net</A>                                      
FOURNIER, Paul                     BTFN  71-73  <A HREF="mailto:paulct1951@earthlink.net">paulct1951@earthlink.net</A>                                  
FRANKENBERGER, Frank               MMCS  70-72  <A HREF="mailto:franknsandy@juno.com">franknsandy@juno.com</A>                                          
FREDDA, Victor                     LTJG  58-61  <A HREF="mailto:vwictr@aol.com">vwictr@aol.com</A>                                                      
GARCEAU, Raymond                   QM2   67-71  <A HREF="mailto:raymond.garceau@att.net">raymond.garceau@att.net</A>                                    
GATES, Anthony                     RM2   46-49  <A HREF="mailto:ynotsetag@verizon.net">ynotsetag@verizon.net</A>                                        
GAYLARD, Ervin                     STG3  69-70  <A HREF="mailto:ervingaylard@hotmail.com">ervingaylard@hotmail.com</A>                                  
GEARING, Del (Lucien B.)           -     -      <A HREF="mailto:delgearing@wavmax.com">delgearing@wavmax.com</A>                                        
GENIER, Dennis                     BM3   68-69  <A HREF="mailto:dgenier@insightbb.com">dgenier@insightbb.com</A>                                        
GEORG, John                        CAPT  58-60  <A HREF="mailto:jgeorg@cox.net">jgeorg@cox.net</A>                                                      
GHIGLIOTTY, Edwin                  RD1   61-65  <A HREF="mailto:Edwin.Ghigliotty@faa.gov">Edwin.Ghigliotty@faa.gov</A>                                  
GIAMPIETRO, Dominick               MM1C  44-46  <A HREF="mailto:DMGFLG@AOL.COM">DMGFLG@AOL.COM</A>                                                      
GIFFIN, John                       SN    64-65  <A HREF="mailto:giffinja@aol.com">giffinja@aol.com</A>                                                  
GILBERT, John N.                   SM3   64-65  <A HREF="mailto:jgonq@aol.com">jgonq@aol.com</A>                                                        
GILBERT, P. Prentice               QMSN  62-64  <A HREF="mailto:lmumford3@comcast.net">lmumford3@comcast.net</A>                                        
GODWIN, Bobby                      SN    47-49  <A HREF="mailto:sonya18795@aol.com">sonya18795@aol.com</A>                                              
GOEBEL, Doug                       RD2   70-71  <A HREF="mailto:pdgoebel@fairpoint.net">pdgoebel@fairpoint.net</A>                                      
GOETSCHIUS, Frank                  LTJG  63-65  <A HREF="mailto:spwineguy@aol.com">spwineguy@aol.com</A>                                                
GOFORTH, Ray                       DC3   61-63  <A HREF="mailto:AAG@HCI.NET">AAG@HCI.NET</A>                                                            
GOKAY, Michael                     IC3   70-73  <A HREF="mailto:magokay@hotmail.com">magokay@hotmail.com</A>                                            
GOLDSTEIN, Burton                  EM3   53-55  <A HREF="mailto:burton530@verizon.net">burton530@verizon.net</A>                                        
GONEAU, Ronald                     SK3   55-57  <A HREF="mailto:ron@rivcom.net">ron@rivcom.net</A>                                                      
GORDON, Guy                        MM3   68-72  <A HREF="mailto:boogeyman79@hotmail.com">boogeyman79@hotmail.com</A>                                    
GRANGER, Inez (Donald R.)          MM2   49-53  <A HREF="mailto:DonGran338@webtv.net">DonGran338@webtv.net</A>                                          
GREWE, Webster                     CAPT  72-73  <A HREF="mailto:CAPT BOPPS@firstva.com">CAPT BOPPS@firstva.com</A>                                      
GRIMMETT, Carl                     SFP3  57-61  <A HREF="mailto:carlbgrimmett@comcast.net">carlbgrimmett@comcast.net</A>                                
GROENEMAN, Warren                  SOM2  45-46  <A HREF="mailto:wrmrgr2@sbcglobal.net">wrmrgr2@sbcglobal.net</A>                                        
GROSS, Steven                      YN2   69-70  <A HREF="mailto:SteveG8466@aol.com">SteveG8466@aol.com</A>                                              
GUINOT, Luis                       LTJG  58-60  <A HREF="mailto:lg@shapirosher.com">lg@shapirosher.com</A>                                              
GUNTER, Cecil                      SM3   63-65  <A HREF="mailto:cecil@cecilgunter.com">cecil@cecilgunter.com</A>                                        
GUTSCHOW, Jerry                    IC3   61-63  <A HREF="mailto:Jerrygutschow1@gmail.com">Jerrygutschow1@gmail.com</A>                                  
HAGARTY, Robert                    RM3   65-66  <A HREF="mailto:wb0ytj@juno.com">wb0ytj@juno.com</A>                                                    
HAGEN, Donald T.                   EM3   62-64  <A HREF="mailto:osure23@optimum.net">osure23@optimum.net</A>                                            
HAMILTON, Robert                   RD2   54-57  <A HREF="mailto:rbh1948@i-55.com">rbh1948@i-55.com</A>                                                  
HANLEY, Richard                    LT    55-56  <A HREF="mailto:dickhanley17@cox.net">dickhanley17@cox.net</A>                                          
HARMAN, Arlington                  LTJG  55-58  <A HREF="mailto:arlie@mywesleycommons.org">arlie@mywesleycommons.org</A>                                
HARRINGTON, Donald                 Midsp 51     <A HREF="mailto:ltjgnavy@gmail.com">ltjgnavy@gmail.com</A>                                              
HARRIS, Bobby                      BT1   65-69  <A HREF="mailto:bjhdd710@cox.net">bjhdd710@cox.net</A>                                                  
HARRY, Jack                        BT2   68-72  <A HREF="mailto:jack_who@sbcglobal.net">jack_who@sbcglobal.net</A>                                      
HART, Thomas                       RD2   68-70  <A HREF="mailto:TRHemail@aol.com">TRHemail@aol.com</A>                                                  
HARTLE, James E.                   FTG3  65-67  <A HREF="mailto:hartlej5354@gmail.com">hartlej5354@gmail.com</A>                                        
HARTNETT, Frank                    RD3   65-67  <A HREF="mailto:fh7118@yahoo.com">fh7118@yahoo.com</A>                                                  
HARVEY, David                      IC2   69-72  <A HREF="mailto:brwn3006@bellsouth.net">brwn3006@bellsouth.net</A>                                      
HAVERS, Hollis                     SK3   66-67  <A HREF="mailto:HMHAVERS@CS.COM">HMHAVERS@CS.COM</A>                                                    
HEBERT, Conrad                     MM2   48-52  <A HREF="mailto:cardinal1771@comcast.net">cardinal1771@comcast.net</A>                                  
HEINE, William                     ETR2  62-65  <A HREF="mailto:bill.heine@snet.net">bill.heine@snet.net</A>                                            
HELD, Donald                       SO3   50-53  <A HREF="mailto:don17fes@frontiernet.net">don17fes@frontiernet.net</A>                                  
HENDRICKS, Jeff                    SH3   68-70  <A HREF="mailto:jhendricks@greenlynk.com">jhendricks@greenlynk.com</A>                                  
HENDRICKS, Richard                 PN1   68-69  <A HREF="mailto:rhendricks21@comcast.net">rhendricks21@comcast.net</A>                                  
HENN, James                        RM3   55-58  <A HREF="mailto:CAMEO ANT@aol.com">CAMEO ANT@aol.com</A>                                                
HENNESSEY, Franklin                RD2   49-53  <A HREF="mailto:fajmh@verizon.net">fajmh@verizon.net</A>                                                
HILAMAN, Donald                    FTSN  52-54  <A HREF="mailto:donbell1934@verizon.net">donbell1934@verizon.net</A>                                    
HILES, William                     RM2   67-69  <A HREF="mailto:furlough45@comcast.net">furlough45@comcast.net</A>                                      
HINZ, Edward J.                    QM1   47-48  <A HREF="mailto:hinz77@msn.com">hinz77@msn.com</A>                                                      
HOEKSTRA, Larry                    MM2   65-67  <A HREF="mailto:larryandkip@echoes.net">larryandkip@echoes.net</A>                                      
HOESCHEN, James                    SN    62-64  <A HREF="mailto:jdhoeschen@charter.net">jdhoeschen@charter.net</A>                                      
HOGAN, Richard                     SN    60-62  <A HREF="mailto:trmhogan@comcast.net">trmhogan@comcast.net</A>                                          
HOLLIFIELD, Harold                 MM3   55-58  <A HREF="mailto:haroldholl@comcast.net">haroldholl@comcast.net</A>                                      
HOLLINGSWORTH, Charles             SM2   64-66  <A HREF="mailto:halhollingsworth@aol.com">halhollingsworth@aol.com</A>                                  
HOLMBERG, Lennart                  CDR   70-72  <A HREF="mailto:lenholmberg@msn.com">lenholmberg@msn.com</A>                                            
HONER, Robert J.                   SM3   59-62  <A HREF="mailto:ochoners47@verizon.net">ochoners47@verizon.net</A>                                      
HOPPER, Wendell                    GM3   52-56  <A HREF="mailto:Happyhoppers@aol.com">Happyhoppers@aol.com</A>                                          
HOUGHTON, Bill                     ETN2  67-68  <A HREF="mailto:cowman9898@aol.com">cowman9898@aol.com</A>                                              
HOWARD, Francis 'Tom'              ETSN  50-54  <A HREF="mailto:wa3pft@aol.com">wa3pft@aol.com</A>                                                      
HOWIE, John                        BT3   69-72  <A HREF="mailto:JSHowie@mediaone.net">JSHowie@mediaone.net</A>                                          
HUBBARD, Sharon (Jack E.)          MM2   56-62  <A HREF="mailto:hubbard333@hotmail.com">hubbard333@hotmail.com</A>                                      
HUCKEMEYER, Harry                  SO3   52-55  <A HREF="mailto:HWHUCK@AOL.COM">HWHUCK@AOL.COM</A>                                                      
HUDGINS, Clarence                  RM3   59-61  <A HREF="mailto:clarence@tds.net">clarence@tds.net</A>                                                  
HUFF, Fred                         FTG3  69-70  <A HREF="mailto:fredh6@frontier.com">fredh6@frontier.com</A>                                            
HUFFMAN, Mark                      GMG3  68-71  <A HREF="mailto:ssab44@yahoo.com">ssab44@yahoo.com</A>                                                  
HUMBERT, Paul                      HM    51     <A HREF="mailto:lfbbfw@ntelos.net">lfbbfw@ntelos.net</A>                                                
HUMPHREYS, Hugh                    LTJG  55-57  <A HREF="mailto:hhumphre@dreamscape.com">hhumphre@dreamscape.com</A>                                    
HUNTER, Stanley                    RM3   63-66  <A HREF="mailto:stan20293@hotmail.com">stan20293@hotmail.com</A>                                        
HURLBUT, Al                        BT3   59-62  <A HREF="mailto:need4speed60@earthlink.net">need4speed60@earthlink.net</A>                              
INGMIRE, Roger                     BT3   61-65  <A HREF="mailto:rlirei@peoplepc.com">rlirei@peoplepc.com</A>                                            
INTRANUOVO, John                   SN    69     <A HREF="mailto:johnnyi50@aol.com">johnnyi50@aol.com</A>                                                
IRWIN, Thomas                      LTJG  60-61  <A HREF="mailto:33rockyknob@gmail.com">33rockyknob@gmail.com</A>                                        
JAROSZ, Stanley                    SN    55-57  <A HREF="mailto:djar4@hotmail.com">djar4@hotmail.com</A>                                                
JEFFERIS, Louise (Allen S.)        CDR   69-70  <A HREF="mailto:ajefferis@san.rr.com">ajefferis@san.rr.com</A>                                          
JOHNS, Tommy L.                    RM3   66-67  <A HREF="mailto:tommyjohns@cox.net">tommyjohns@cox.net</A>                                              
JOHNS, Walter P                    FTG3  71-72  <A HREF="mailto:wjdmjohns1@cox.net">wjdmjohns1@cox.net</A>                                              
JOHNSON, Barry                     BM3   66-67  <A HREF="mailto:sjohns55@tampabay.rr.com">sjohns55@tampabay.rr.com</A>                                  
JONES, Bill                        SM3   67-68  <A HREF="mailto:william.t.jones@usps.gov">william.t.jones@usps.gov</A>                                  
JONES, George                      BM3   56-59  <A HREF="mailto:GJONES5935@gmail.COM">GJONES5935@gmail.COM</A>                                          
JUMPER, John                       MM3   64-67  <A HREF="mailto:johnjumper@msn.com">johnjumper@msn.com</A>                                              
KAPEGHIAN, John                    GMSN  62-64  <A HREF="mailto:yosailor@aol.com">yosailor@aol.com</A>                                                  
KARCHER, Raynor                    CWO-1 64-67  <A HREF="mailto:RKARCHER@MSN.COM">RKARCHER@MSN.COM</A>                                                  
KELLER, Leslie                     FN    72     <A HREF="mailto:btb92473@excite.com">btb92473@excite.com</A>                                            
KELLEY, John                       EM2   63-67  <A HREF="mailto:jrk540@q.com">jrk540@q.com</A>                                                          
KELLY, Paul                        MM3   59-61  <A HREF="mailto:shipwreckkelly@gmail.com">shipwreckkelly@gmail.com</A>                                  
KENNEY, John                       LT    62-64  <A HREF="mailto:jmkenney6053@msn.com">jmkenney6053@msn.com</A>                                          
KETTNER, Edward                    SM1   62-66  <A HREF="mailto:JAKE7079@hotmail.com">JAKE7079@hotmail.com</A>                                          
KIMBALL, William                   MM3   64-64  <A HREF="mailto:wllkmbll@aol.com">wllkmbll@aol.com</A>                                                  
KINDER, Richard                    RD2   69-72  <A HREF="mailto:debrickkinder@aol.com">debrickkinder@aol.com</A>                                        
KING, Durwood                      MMCM  59-61  <A HREF="mailto:kingsfromsc@webtv.net">kingsfromsc@webtv.net</A>                                        
KIRSCH, Robert                     BT2   68-72  <A HREF="mailto:RKirsch9649@hotmail.com">RKirsch9649@hotmail.com</A>                                    
KLEIER, Doug (Robert A) Fangman    MM3   46-51  <A HREF="mailto:c2itnext@yahoo.com">c2itnext@yahoo.com</A>                                              
KNOTTS, Robert G.                  RM2   55-58  <A HREF="mailto:compasslaka@peoplepc.com">compasslaka@peoplepc.com</A>                                  
KOENIG, Michael                    LT    71-73  <A HREF="mailto:michael.koenig@liu.edu">michael.koenig@liu.edu</A>                                      
KONCEVIC, Paul                     SK3   65-69  <A HREF="mailto:vicbfour@sbcglobal.net">vicbfour@sbcglobal.net</A>                                      
KOONTZ, Samuel                     PN3   56-57  <A HREF="mailto:tjhs63@verizon.net">tjhs63@verizon.net</A>                                              
KRAFT, Vincent                     ENS   72-73  <A HREF="mailto:vkraft15@comcast.net">vkraft15@comcast.net</A>                                          
KRASKA, Larry                      STG2  62-65  <A HREF="mailto:larrykraska710@yahoo.com">larrykraska710@yahoo.com</A>                                  
KUBISEK, Edward                    ETR2  64-66  <A HREF="mailto:Edward.Kubisek@HP.com">Edward.Kubisek@HP.com</A>                                        
KUHLMANN, Darrell                  SK3   62-65  <A HREF="mailto:darrell.kuhlmann@yahoo.com">darrell.kuhlmann@yahoo.com</A>                              
LAFLEUR, Richard                   SN    65-66  <A HREF="mailto:jadeyounglee@yahoo.com">jadeyounglee@yahoo.com</A>                                      
LARDIS, Ilona (Christopher S.)     LCDR  65-67  <A HREF="mailto:dramaqueenmom118@aol.com">dramaqueenmom118@aol.com</A>                                  
LARSON, Glen                       ETR2  69-70  <A HREF="mailto:glnlarson@gmail.com">glnlarson@gmail.com</A>                                            
LATTA, John                        PC3   65-67  <A HREF="mailto:las@comcast.net">las@comcast.net</A>                                                    
LAWRENCE, James                    FTG3  64-66  <A HREF="mailto:ravenquille@earthlink.net">ravenquille@earthlink.net</A>                                
LEACH, James                       BT3   61-65  <A HREF="mailto:jimL4j@yahoo.com">jimL4j@yahoo.com</A>                                                  
LEACH, Ronald                      IC3   62-65  <A HREF="mailto:SPATSESQ@aol.com">SPATSESQ@aol.com</A>                                                  
LEAVER, Larry                      ETR2  67-68  <A HREF="mailto:maxwell62@verizon.net">maxwell62@verizon.net</A>                                        
LESANDRO, Richard                  TM3   54-56  <A HREF="mailto:LES710@verizon.net">LES710@verizon.net</A>                                              
LESLIE, Ray                        MM3   66-70  <A HREF="mailto:chief12046@yahoo.com">chief12046@yahoo.com</A>                                          
LEWIS, Charles                     MMC   58-62  <A HREF="mailto:chucklewis@embarqmail.com">chucklewis@embarqmail.com</A>                                
LEWIS, Robert                      EMFN  66-67  <A HREF="mailto:nebbobl@hotmail.com">nebbobl@hotmail.com</A>                                            
LIUM, Rolf                         LTJG  66-69  <A HREF="mailto:swabisch@hotmail.com">swabisch@hotmail.com</A>                                          
LLOYD, Carl                        RM3   45-46  <A HREF="mailto:dd710@bellsouth.net">dd710@bellsouth.net</A>                                            
LOCKWOOD, Harold                   ENS   50-51  <A HREF="mailto:marilyn-lockwood@sbcglobal.net">marilyn-lockwood@sbcglobal.net</A>                      
LODWICK, Lillian (Paul A.)         RD2   45     <A HREF="mailto:Lifeisspice13@aol.com">Lifeisspice13@aol.com</A>                                        
MADDOCK, Charles                   EMFN  58-60  <A HREF="mailto:chuckmaddock@msn.com">chuckmaddock@msn.com</A>                                          
MALONEY, James M.                  RM2   62-66  <A HREF="mailto:jmaloney14@cfl.rr.com">jmaloney14@cfl.rr.com</A>                                        
MALQUIST, Dale                     EMFN  61-62  <A HREF="mailto:dalenjude@gmail.com">dalenjude@gmail.com</A>                                            
MALTESE, Chris (Leonard V.)        EM3   52-55  <A HREF="mailto:cmaltese@lavabit.com">cmaltese@lavabit.com</A>                                          
MANOS, Tom                         BM3   72-73  <A HREF="mailto:tmanos@concursive.com">tmanos@concursive.com</A>                                        
MARTIN, James                      CDR   64-66  <A HREF="mailto:Bossadagang2@msn.com">Bossadagang2@msn.com</A>                                          
MARTIN, Kenneth                    TM3   57-59  <A HREF="mailto:mamkrm@att.net">mamkrm@att.net</A>                                                      
MARTIN, Terry                      ET3   61-63  <A HREF="mailto:TKMartin@Unforgettable.com">TKMartin@Unforgettable.com</A>                              
MARTINDELL, Ray                    FTG3  65-68  <A HREF="mailto:RAYMART1@OPTONLINE.NET">RAYMART1@OPTONLINE.NET</A>                                      
MARTINEZ, Reuben                   MM3   70-72  <A HREF="mailto:reuben5165@yahoo.com">reuben5165@yahoo.com</A>                                          
MASNIK, Ron                        LTJG  57-60  <A HREF="mailto:hrmasnik@gmail.com">hrmasnik@gmail.com</A>                                              
MATTINGLY, James                   MM3   64-67  <A HREF="mailto:mttngly05@aol.com">mttngly05@aol.com</A>                                                
MATTINGLY, Thomas                  STG3  64-66  <A HREF="mailto:mattingly4447@windstream.net">mattingly4447@windstream.net</A>                          
MAYNE, Robert                      LTJG  64-66  <A HREF="mailto:RFMAYNE@comcast.net">RFMAYNE@comcast.net</A>                                            
MAYS, Robert                       RD2   54-57  <A HREF="mailto:mustang714@peoplepc.com">mustang714@peoplepc.com</A>                                    
MAYS, Wanda (David L.)             YN    55-57  <A HREF="mailto:gobucks@pa.net">gobucks@pa.net</A>                                                      
MAZZEO, Michael                    GMGSN 71-73  <A HREF="mailto:mazzeoo@sbcglobal.net">mazzeoo@sbcglobal.net</A>                                        
MCBRIDE, Edward                    SK2   56-59  <A HREF="mailto:Barraccus@aol.com">Barraccus@aol.com</A>                                                
MCCABE, Edward                     MAM3  46-47  <A HREF="mailto:edmccabe@midohio.net">edmccabe@midohio.net</A>                                          
MCCAFFREE, Burnham                 RADM  56-58  <A HREF="mailto:mikemccaffree@gmail.com">mikemccaffree@gmail.com</A>                                    
MCDERMOTT, Mark                    FTG3  68-70  <A HREF="mailto:MRKMRKMCD@AOL.COM">MRKMRKMCD@AOL.COM</A>                                                
MCDONALD, William                  GM3   52-55  <A HREF="mailto:nancymc51@aol.com">nancymc51@aol.com</A>                                                
MCEVOY, William                    YN3   55-58  <A HREF="mailto:MceVoy-M@subway.com">MceVoy-M@subway.com</A>                                            
MCFADDEN, William                  SK3   62-64  <A HREF="mailto:wsmcfadden@comcast.net">wsmcfadden@comcast.net</A>                                      
MCKENNA, R. Patrick                RD2   68-69  <A HREF="mailto:richardmckenna@att.net">richardmckenna@att.net</A>                                      
MCKENZIE, Allan                    QM3   70-73  <A HREF="mailto:Leosroar7@comcast.net">Leosroar7@comcast.net</A>                                        
MCKENZIE, Paul                     MMFN  66-67  <A HREF="mailto:NUCLEARBT@AOL.COM">NUCLEARBT@AOL.COM</A>                                                
MCKEOWN, John                      RM3   56-58  <A HREF="mailto:jomarmckeown@yahoo.com">jomarmckeown@yahoo.com</A>                                      
MCSWAIN, Bill                      LTJG  57-58  <A HREF="mailto:bdmcswain@cox.net">bdmcswain@cox.net</A>                                                
MEILAK, Philip                     CSSN  62-64  <A HREF="mailto:mapmeilak@charter.net">mapmeilak@charter.net</A>                                        
MEISLIN, Martin                    YN3   64-66  <A HREF="mailto:MSMEISLIN@ADELPHIA.NET">MSMEISLIN@ADELPHIA.NET</A>                                      
MELTON, Charles                    QMSN  61-62  <A HREF="mailto:GMELT46@AOL.COM">GMELT46@AOL.COM</A>                                                    
METT, R. Michael                   LT    62-65  <A HREF="mailto:fladevfund@aol.com">fladevfund@aol.com</A>                                              
MILES, Thomas                      SN    62-64  <A HREF="mailto:mikemyles1@comcast.net">mikemyles1@comcast.net</A>                                      
MOEHLE, George                     FTG3  62-65  <A HREF="mailto:ghmoehle@aol.com">ghmoehle@aol.com</A>                                                  
MONTGOMERY, John                   HT3   70-73  <A HREF="mailto:MONTGJA@aol.com">MONTGJA@aol.com</A>                                                    
MOORE, Robert R.                   SK2   64-66  <A HREF="mailto:mo4549@hotmail.com">mo4549@hotmail.com</A>                                              
MORAN, Brad                        FT3   53-56  <A HREF="mailto:Njmarie831@aol.com">Njmarie831@aol.com</A>                                              
MORGAN, Eleanor (John B.)          YN1   45-46  <A HREF="mailto:eleamorgan@verizon.net">eleamorgan@verizon.net</A>                                      
MORGAN, Joseph                     ENS   45-47  <A HREF="mailto:morganjnc@seii.net">morganjnc@seii.net</A>                                              
MOUNT, Derry                       BT2   59-61  <A HREF="mailto:karenmount@yahoo.com">karenmount@yahoo.com</A>                                          
MOYERS, Michael R                  PC3   66-68  <A HREF="mailto:Mikey9147@aol.com">Mikey9147@aol.com</A>                                                
MULLIGAN, Eugene                   LCDR  57-59  <A HREF="mailto:gmulligan4@aol.com">gmulligan4@aol.com</A>                                              
MUMFORD, Charles S.                MM2   65-69  <A HREF="mailto:csmikm@gmail.com">csmikm@gmail.com</A>                                                  
MURPHY, David                      SN    57-59  <A HREF="mailto:joan.murphy@trincoll.edu">joan.murphy@trincoll.edu</A>                                  
MURRAY, Robert                     BM2   72-73  <A HREF="mailto:murray2031@sbcglobal.net">murray2031@sbcglobal.net</A>                                  
NAONE, Lowell                      GMGSN 68-70  <A HREF="mailto:ld.naone@verizon.net">ld.naone@verizon.net</A>                                          
NEUMANN, Richard                   EM1   54-58  <A HREF="mailto:rmnusn77@roadrunner.com">rmnusn77@roadrunner.com</A>                                    
NEWHOUSE, Stephan                  LTJG  71-73  <A HREF="mailto:stephan.newhouse@morganstanley.com">stephan.newhouse@morganstanley.com</A>              
NEWSHAM, Hank                      MM1   44-46  <A HREF="mailto:harrytherese@aol.com">harrytherese@aol.com</A>                                          
NICHOLAS, Bill                     BMSN  61-63  <A HREF="mailto:nicholaswa@prodigy.net">nicholaswa@prodigy.net</A>                                      
NICHOLS, William                   LTJG  51-54  <A HREF="mailto:WmNichols3@comcast.net">WmNichols3@comcast.net</A>                                      
NORFOLK, Mike                      BMC   54-62  <A HREF="mailto:vthrall@frontiernet.net">vthrall@frontiernet.net</A>                                    
O'CONNOR, Buck                     GMG2  60-61  <A HREF="mailto:BUCROSPAR3@AOL.COM">BUCROSPAR3@AOL.COM</A>                                              
O'HARA, Justin (Bud) J.            LTJG  67-69  <A HREF="mailto:oharabs@gmail.com">oharabs@gmail.com</A>                                                
O'HARA, Kevin                      STG1  73     <A HREF="mailto:kmoh13@msn.com">kmoh13@msn.com</A>                                                      
O'KEEFE, Robert                    BTFN  72-73  <A HREF="mailto:rvo@processlabel.com">rvo@processlabel.com</A>                                          
O'NEILL, Daniel                    BT2   57-60  <A HREF="mailto:detdan@optonline.net">detdan@optonline.net</A>                                          
OAKES, Stephen                     MM3   71-72  <A HREF="mailto:oakessteve@hotmail.com">oakessteve@hotmail.com</A>                                      
OPPENHEIM, David                   YN3   72-73  <A HREF="mailto:doppenheim@mtginc.com">doppenheim@mtginc.com</A>                                        
ORR, James                         DK2   50-54  <A HREF="mailto:orrjf@wowway.com">orrjf@wowway.com</A>                                                  
OSTERMEYER, William                RM3   53-54  <A HREF="mailto:ostermeyer@verizon.net">ostermeyer@verizon.net</A>                                      
OVERTON, Richard C.                BT1   53-56  <A HREF="mailto:richoverton@verizon.net">richoverton@verizon.net</A>                                    
PACKEY, Richard                    TM2   63-65  <A HREF="mailto:nypacks@adelphia.net">nypacks@adelphia.net</A>                                          
PARNELL, Bryant A.                 STS3  63-67  <A HREF="mailto:hildale2@sbcglobal.net">hildale2@sbcglobal.net</A>                                      
PATASKA, Steven                    ETR3  67-68  <A HREF="mailto:Pataska@adelphia.net">Pataska@adelphia.net</A>                                          
PATTON, Alan                       SH3   64-67  <A HREF="mailto:APatton@eprod.com">APatton@eprod.com</A>                                                
PAUP, Duane                        IC2   65-66  <A HREF="mailto:MPaup@prodigy.net">MPaup@prodigy.net</A>                                                
PEIFFER, James                     SKSN  62-64  <A HREF="mailto:jimpeiffersr@gmail.com">jimpeiffersr@gmail.com</A>                                      
PERREAULT, Robert                  QM3   64-66  <A HREF="mailto:Bocoman@aol.com">Bocoman@aol.com</A>                                                    
PERRY, Wayne                       CS3   64-67  <A HREF="mailto:WAYPER@zoominternet.net">WAYPER@zoominternet.net</A>                                    
PESSIN, Lenny                      SN    68     <A HREF="mailto:lennypessin@yahoo.com">lennypessin@yahoo.com</A>                                        
PETERS, Leon                       BT3   53-55  <A HREF="mailto:lmpcnp@comcast.net">lmpcnp@comcast.net</A>                                              
PETERS, Richard                    MM3   58-60  <A HREF="mailto:ellienpete66@aol.com">ellienpete66@aol.com</A>                                          
PETERSEN, Fred                     LT    57-60  <A HREF="mailto:petersen1928@charter.net">petersen1928@charter.net</A>                                  
PETERSON, Charles                  DC3   56-57  <A HREF="mailto:stevep@psu.edu">stevep@psu.edu</A>                                                      
PETRALIS, Carl                     FN    62-64  <A HREF="mailto:carlp232@gmail.com">carlp232@gmail.com</A>                                              
PETREIKIS, Jane (James P.)         BT3   61-65  <A HREF="mailto:PetreikisJ@aol.com">PetreikisJ@aol.com</A>                                              
PIECZARKA, Richard T.              YN3   68-70  <A HREF="mailto:babiecakes@wildblue.net">babiecakes@wildblue.net</A>                                    
PILLOW, William                    QM2   59-61  <A HREF="mailto:bill.pillow@yahoo.com">bill.pillow@yahoo.com</A>                                        
PISSOS, Tony                       FN    59-60  <A HREF="mailto:DTPISSOS@AOL.COM">DTPISSOS@AOL.COM</A>                                                  
PITTS, Sandra (James S.)           RM2   57-59  <A HREF="mailto:james pitts@tampabay.rr.com">james pitts@tampabay.rr.com</A>                            
POE, Charles E.                    BMSN  70-72  <A HREF="mailto:Eagle12051@aol.com">Eagle12051@aol.com</A>                                              
POTTER, Dale                       FTG3  66-69  <A HREF="mailto:DalePotter@ATT.NET">DalePotter@ATT.NET</A>                                              
POTTER, Jim                        LTJG  66-68  <A HREF="mailto:jcp@mountainmax.net">jcp@mountainmax.net</A>                                            
POTTS, Eugene                      RDSN  62-64  <A HREF="mailto:tgrip1@sisna.com">tgrip1@sisna.com</A>                                                  
PRICE, John                        LTJG  69-70  <A HREF="mailto:pandjprice1@embarqmail.com">pandjprice1@embarqmail.com</A>                              
PRINCE, Wallace                    DC3   56-58  <A HREF="mailto:WPRINCE1@AOL.COM">WPRINCE1@AOL.COM</A>                                                  
PROCELLI, Matthew                  S2C   45-46  <A HREF="mailto:mprocelli@msn.com">mprocelli@msn.com</A>                                                
PROVOST, Donald                    LTJG  64-67  <A HREF="mailto:donprov@optonline.net">donprov@optonline.net</A>                                        
PRYOR, Bailey                      RD3   58-61  <A HREF="mailto:lowdog@twlakes.net">lowdog@twlakes.net</A>                                              
PUTINAS, Bruce                     HT1   71     <A HREF="mailto:pamela.putinas@att.net">pamela.putinas@att.net</A>                                      
RALEIGH, Donald (William A.)       QM    70-72  <A HREF="mailto:mathderral@yahoo.com">mathderral@yahoo.com</A>                                          
RALSTON, Karl                      EM2   57-58  <A HREF="mailto:KRALS2915@sbcglobal.NET">KRALS2915@sbcglobal.NET</A>                                    
RANDOLPH, Kevin                    SMSN  68-70  <A HREF="mailto:neat@ameritech.net">neat@ameritech.net</A>                                              
RAUDENBUSH, Richard                BT3   66-68  <A HREF="mailto:ricster@fast.net">ricster@fast.net</A>                                                  
REILLY, Joseph                     RM2   51-55  <A HREF="mailto:JOEMREILLY@YAHOO.COM">JOEMREILLY@YAHOO.COM</A>                                          
REMES, Parker                      MM2   51-55  <A HREF="mailto:BerLinermutti@comcast.net">BerLinermutti@comcast.net</A>                                
RICE, Steven                       RD3   69-70  <A HREF="mailto:steven.p.rice@worldnet.att.net">steven.p.rice@worldnet.att.net</A>                      
RICHARDSON, Malcolm                ET2   48-49  <A HREF="mailto:MRICH@GATE.NET">MRICH@GATE.NET</A>                                                      
RICHARDSON, Ronald                 MM3   57-59  <A HREF="mailto:Krr267mama@aol.com">Krr267mama@aol.com</A>                                              
RIFE, Lee                          SN    64-66  <A HREF="mailto:rife@springnet.com">rife@springnet.com</A>                                              
ROBERTS, Richie                    MM3   72-73  <A HREF="mailto:RHR53@optonline.net">RHR53@optonline.net</A>                                            
ROBINSON, David                    LT    68-70  <A HREF="mailto:lizzardlad@gmail.com">lizzardlad@gmail.com</A>                                          
ROE, G. Dennis                     SF3   62-64  <A HREF="mailto:suddenimpulse126@aol.com">suddenimpulse126@aol.com</A>                                  
ROMANO, Charles                    BT3   52-54  <A HREF="mailto:rom529@socal.rr.com">rom529@socal.rr.com</A>                                            
ROUSH, Herman                      EM1   64-66  <A HREF="mailto:rustyrat@fairpoint.net">rustyrat@fairpoint.net</A>                                      
ROVINELLI, Peter                   BM3   69-72  <A HREF="mailto:Rovinelli Peter@sbcglobal.net">Rovinelli Peter@sbcglobal.net</A>                        
RUGGLES, Donald                    MM3   54-56  <A HREF="mailto:druggles1120@mscoinc.com">druggles1120@mscoinc.com</A>                                  
SANTMAN, George                    SN    56-59  <A HREF="mailto:budlin@ellijay.com">budlin@ellijay.com</A>                                              
SAWICKI, Anthony                   RM3   70-73  <A HREF="mailto:yankeefan122@aol.com">yankeefan122@aol.com</A>                                          
SCANLAN, James                     MM2   58-60  <A HREF="mailto:jscanl2318@bellsouth.net">jscanl2318@bellsouth.net</A>                                  
SCHETZEL, Theodore                 GMG2  67-70  <A HREF="mailto:techgun2003@yahoo.com">techgun2003@yahoo.com</A>                                        
SCHMIDT, Frank                     PFC   61     <A HREF="mailto:schmidt41f@aol.com">schmidt41f@aol.com</A>                                              
SCHONGAR, Laurence H.              LTJG  63-65  <A HREF="mailto:lshongar@gmail.com">lshongar@gmail.com</A>                                              
SCHULZ, Dale                       EN3   62-66  <A HREF="mailto:DMVendingRepair@aol.com">DMVendingRepair@aol.com</A>                                    
SEARS, David                       LTJG  69-70  <A HREF="mailto:dlsears@optonline.net">dlsears@optonline.net</A>                                        
SEIWELL, Frederick                 STG2  65-68  <A HREF="mailto:west.highland@verizon.net">west.highland@verizon.net</A>                                
SERENO, John B.                    STG2  62-65  <A HREF="mailto:jsereno@verizon.net">jsereno@verizon.net</A>                                            
SHEA, Ed                           PFC   61     <A HREF="mailto:edshea@sageauthoring.com">edshea@sageauthoring.com</A>                                  
SHEPARD, Paul                      YN2   46-48  <A HREF="mailto:paulshep@ev1.net">paulshep@ev1.net</A>                                                  
SHERIDAN, Gene                     SN    56-57  <A HREF="mailto:elsheridan@gmail.com">elsheridan@gmail.com</A>                                          
SHILLINGTON, Rob                   MM2   66-70  <A HREF="mailto:R_SHILLINGTON@YAHOO.COM">R_SHILLINGTON@YAHOO.COM</A>                                    
SHOMAKER, Jim                      EM3   63-66  <A HREF="mailto:jimshomaker@rcsgroup.com">jimshomaker@rcsgroup.com</A>                                  
SIMPSON, Joseph                    GM2   46-49  <A HREF="mailto:simpsonjoe@comcast.net">simpsonjoe@comcast.net</A>                                      
SKLORS, Donald                     SN    61-62  <A HREF="mailto:sklors@hotmail.com">sklors@hotmail.com</A>                                              
SLOUGH, Manly Ed                   SM2   66-71  <A HREF="mailto:sloughm@okinawa.usmc-mccs.org">sloughm@okinawa.usmc-mccs.org</A>                        
SLOVACK, John                      BT2   51-55  <A HREF="mailto:jljjslo@klink.net">jljjslo@klink.net</A>                                                
SMITH, Bracy                       LTJG  45-46  <A HREF="mailto:Bracymarion@aol.com">Bracymarion@aol.com</A>                                            
SMITH, Ervin                       WT3   47-49  <A HREF="mailto:o551@yahoo.com">o551@yahoo.com</A>                                                      
SMITH, Franklin                    F1CEM 46-47  <A HREF="mailto:fwsmith7@verizon.net">fwsmith7@verizon.net</A>                                          
SMITH, Herman                      MM1   62-63  <A HREF="mailto:smithp-b@cox.net">smithp-b@cox.net</A>                                                  
SMITH, Jim                         SH2   69-71  <A HREF="mailto:andacat61@gmail.com">andacat61@gmail.com</A>                                            
SMITH, Jim                         FT3   48-49  <A HREF="mailto:smith4486@sbcglobal.net">smith4486@sbcglobal.net</A>                                    
SMITH, John                        STG3  62-64  <A HREF="mailto:John_Smith@prodigy.net">John_Smith@prodigy.net</A>                                      
SMITH, Randy                       PN1   64-67  <A HREF="mailto:RPSmith116@aol.com">RPSmith116@aol.com</A>                                              
SMITH, Ronald                      RM3   55-56  <A HREF="mailto:humbirds@embarqmail.com">humbirds@embarqmail.com</A>                                    
SNIPES, Buzzie                     SN    53-54  <A HREF="mailto:bhsnipes2@webtv.net">bhsnipes2@webtv.net</A>                                            
SNYDER, Tom                        ETN2  71-72  <A HREF="mailto:tsnyder@mindspring.com">tsnyder@mindspring.com</A>                                      
SORENSEN, Neal                     BM3   62-66  <A HREF="mailto:chiefsailor@msn.com">chiefsailor@msn.com</A>                                            
SORRENTINO, Lonny                  RD3   68-70  <A HREF="mailto:Prosale@aol.com">Prosale@aol.com</A>                                                    
SPANGLER, Carl                     FTA2  56-58  <A HREF="mailto:patandcarl9@comcast.net">patandcarl9@comcast.net</A>                                    
SPARKMAN, Elizabeth (Palmer)       LTJG  57-60  <A HREF="mailto:betseyblair@att.net">betseyblair@att.net</A>                                            
SPEER, Cathrine (Bill)             LTJG  50-51  <A HREF="mailto:cathrinebs@sbcglobal.net">cathrinebs@sbcglobal.net</A>                                  
STEELE, Robert                     MM2   48-52  <A HREF="mailto:Rjksteele@aol.com">Rjksteele@aol.com</A>                                                
STEIGERWALT, Richard               EM3   67-68  <A HREF="mailto:RES330@aol.com">RES330@aol.com</A>                                                      
STEINER, Harold                    IC2   68-70  <A HREF="mailto:HAL@ARM-TEK.COM">HAL@ARM-TEK.COM</A>                                                    
STEVISON, Frank                    MM2   66-68  <A HREF="mailto:franks53@suddenlink.net">franks53@suddenlink.net</A>                                    
STOCKTON, John                     SN    60-62  <A HREF="mailto:jhstcktn@cs.com">jhstcktn@cs.com</A>                                                    
STOECKER, Robert                   LT    51-53  <A HREF="mailto:rlstoecker@earthlink.net">rlstoecker@earthlink.net</A>                                  
STONE, Robert                      SK3   59     <A HREF="mailto:RLSSTONE@sbcglobal.net">RLSSTONE@sbcglobal.net</A>                                      
STOTTS, Kenneth                    RM3   62-64  <A HREF="mailto:DACHIEFNE@cox.net">DACHIEFNE@cox.net</A>                                                
STRATTON, Peter                    LTJG  70-72  <A HREF="mailto:mdcjeep@aol.com">mdcjeep@aol.com</A>                                                    
STRIGEL, Bob                       CS3   69-72  <A HREF="mailto:frost103710@msn.com">frost103710@msn.com</A>                                            
SWOYER, Lloyd                      MM2   62-64  <A HREF="mailto:swoyerld@verizon.net">swoyerld@verizon.net</A>                                          
SYLVESTER, John                    FN    46-47  <A HREF="mailto:SJSYLVESTER1@adelphia.net">SJSYLVESTER1@adelphia.net</A>                                
TANOWITZ, Irving                   F2C   46-47  <A HREF="mailto:itano@webtv.net">itano@webtv.net</A>                                                    
TAYLOR, Roger J.                   STG2  68-69  <A HREF="mailto:LP902@aol.com">LP902@aol.com</A>                                                        
TEKLITS, Joseph                    PFC   61     <A HREF="mailto:josjtek@gmail.com">josjtek@gmail.com</A>                                                
THIBADEAU, John                    BM3   62-66  <A HREF="mailto:jthibadeau@gmail.com">jthibadeau@gmail.com</A>                                          
THIBEAULT, Carl                    SN    67-69  <A HREF="mailto:thibeaultfc@earthlink.net">thibeaultfc@earthlink.net</A>                                
THOMAS, David                      RD3   62-64  <A HREF="mailto:dthomas017@centurytel.net">dthomas017@centurytel.net</A>                                
THOMPSON, Rodney                   RD3   60-63  <A HREF="mailto:RodnThomps@aol.com">RodnThomps@aol.com</A>                                              
THRASHER, William                  SOG2  62-65  <A HREF="mailto:whthrashersha@bellsouth.net">whthrashersha@bellsouth.net</A>                            
TOMENILLIE, August                 EN2   51-55  <A HREF="mailto:augietom@yahoo.com">augietom@yahoo.com</A>                                              
TRACY, Walter                      SK2   49-52  <A HREF="mailto:janneep@mailstation.com">janneep@mailstation.com</A>                                    
TRAVASSOS, Edmond                  BM3   50-53  <A HREF="mailto:etbswsc@hotmail.com">etbswsc@hotmail.com</A>                                            
TURNER, Thomas                     GMSN  65-67  <A HREF="mailto:mhr@shelpsresort.com">mhr@shelpsresort.com</A>                                          
TUTTLE, Thomas H.                  GMSN  62-64  <A HREF="mailto:tomtemplar62@comcast.net">tomtemplar62@comcast.net</A>                                  
TWICHELL, Neil                     MM2   66-68  <A HREF="mailto:neilsdeals231@cs.com">neilsdeals231@cs.com</A>                                          
VACCARO, Irene (Frank)             S1C   45-46  <A HREF="mailto:DUKEWAL@AOL.COM">DUKEWAL@AOL.COM</A>                                                    
VAGIANOS, Michael                  MM2   69-71  <A HREF="mailto:mv1313@yahoo.com">mv1313@yahoo.com</A>                                                  
VAN-LEEUWEN, Mike                  ETR2  71-72  <A HREF="mailto:mike@gremic.com">mike@gremic.com</A>                                                    
VASQUEZ, Michael                   RM2   64-68  <A HREF="mailto:SNDPIPR710@aol.com">SNDPIPR710@aol.com</A>                                              
VAUSE, Jimmy                       BT3   70     <A HREF="mailto:lvause@charter.net">lvause@charter.net</A>                                              
VIDOLI, Larry                      RM2   65-67  <A HREF="mailto:lsvidoli@verizon.net">lsvidoli@verizon.net</A>                                          
VOLZ, Jon                          FTG3  62-64  <A HREF="mailto:volzins@mchsi.com">volzins@mchsi.com</A>                                                
VORHIES, James                     FTGSN 72-73  <A HREF="mailto:jimbob815@juno.com">jimbob815@juno.com</A>                                              
VOSE, Richard                      ETNSN 58-59  <A HREF="mailto:rvose@netway.com">rvose@netway.com</A>                                                  
WADE, Tim H.                       BTFN  60-62  <A HREF="mailto:timhwade@knology.net">timhwade@knology.net</A>                                          
WALLACE, John                      DK3   65-66  <A HREF="mailto:jmwallace54@comcast.net">jmwallace54@comcast.net</A>                                    
WALLS, Herman                      WT2   45-46  <A HREF="mailto:HWallsJOAN@aol.com">HWallsJOAN@aol.com</A>                                              
WARNER, Kenton                     LT    67-70  <A HREF="mailto:kenwarner@worldnet.att.net">kenwarner@worldnet.att.net</A>                              
WASHBURN, Art                      SMSN  68-70  <A HREF="mailto:washburn.arthur3@gmail.com">washburn.arthur3@gmail.com</A>                              
WASILEWSKI, Nick (Chester N.)      TM2   46-48  <A HREF="mailto:HEELTOETOE@VERIZON.NET">HEELTOETOE@VERIZON.NET</A>                                      
WATKINS, David                     STG3  68-70  <A HREF="mailto:davidwatkins@hillsboro.net">davidwatkins@hillsboro.net</A>                              
WAXON, Ronald                      IC3   60-61  <A HREF="mailto:ronwaxon@msn.com">ronwaxon@msn.com</A>                                                  
WEBSTER, Kennon                    SN    62-64  <A HREF="mailto:kwebster003@tampabay.rr.com">kwebster003@tampabay.rr.com</A>                            
WEED, Donald                       MM3   50-54  <A HREF="mailto:weedeater710@aol.com">weedeater710@aol.com</A>                                          
WELLS, William                     BM3   62-64  <A HREF="mailto:Trailblazer710@aol.com">Trailblazer710@aol.com</A>                                      
WHITE, James                       SN    68-69  <A HREF="mailto:jamesw3300@aol.com">jamesw3300@aol.com</A>                                              
WHITTINGTON, Michael               PN3   71     <A HREF="mailto:apollo18@wedtv.net">apollo18@wedtv.net</A>                                              
WIEDENMAYER, Christopher           LTJG  64-66  <A HREF="mailto:cwieds@aol.com">cwieds@aol.com</A>                                                      
WILK, William                      SFM3  68-69  <A HREF="mailto:wilkw30@aol.com">wilkw30@aol.com</A>                                                    
WILKERSON, W.                      ST3   60-62  <A HREF="mailto:wgwilkerson1@earthlink.net">wgwilkerson1@earthlink.net</A>                              
WILLIS, Joyce (Barney B.)          PN2   56-58  <A HREF="mailto:shodig@dmv.com">shodig@dmv.com</A>                                                      
WILSON, Jim                        RDSN  53-54  <A HREF="mailto:hjimwilson@aol.com">hjimwilson@aol.com</A>                                              
WILSON, Merton                     BMC   68-69  <A HREF="mailto:mertcwilson@yahoo.com">mertcwilson@yahoo.com</A>                                        
WING, Herman                       RMC   58-59  <A HREF="mailto:hermanwing@msn.com">hermanwing@msn.com</A>                                              
WITKOWSKI, Robert                  FTG3  65-66  <A HREF="mailto:rjwemail@aol.com">rjwemail@aol.com</A>                                                  
WITT, Kenneth                      SO2   52-55  <A HREF="mailto:goodwr3@pa.net">goodwr3@pa.net</A>                                                      
WOLFE, Ronald                      LTJG  65-67  <A HREF="mailto:rondo@adelphia.net">rondo@adelphia.net</A>                                              
WORRALL, William W.                RD3   47-48  <A HREF="mailto:WWWJAW@aol.com">WWWJAW@aol.com</A>                                                      
YOUNG, Bill                        SN    53-56  <A HREF="mailto:debyoung@pobox.com">debyoung@pobox.com</A>                                              
YOUNG, H.E. Gene                   RM3   60-61  <A HREF="mailto:hyoung10@comcast.net">hyoung10@comcast.net</A>                                          
ZANG, Jim                          LTJG  66-67  <A HREF="mailto:jameszang555@hotmail.com">jameszang555@hotmail.com</A>                                  
ZARBANO, S. Tony                   MM3   45-49  <A HREF="mailto:gzarbano@dcwisp.net">gzarbano@dcwisp.net</A>                                            
ZAWACKI, Frank                     MMFN  50-52  <A HREF="mailto:thezawackis5@aol.com">thezawackis5@aol.com</A>                                          
ZIEGLER, Clayton                   BM3   66-68  <A HREF="mailto:claychickyz@aol.com">claychickyz@aol.com</A>                                            
ZITKO, Bruce                       SN    72-73  <A HREF="mailto:BruceMaggie@aol.com">BruceMaggie@aol.com</A>                                            
</pre>



</P>
<BR>
<CENTER><A HREF="http://02c1dad.netsolhost.com/index.shtml"><IMG SRC="http://02c1dad.netsolhost.com/press.jpg"></A> <STRONG>RETURN TO</STRONG> <A HREF="http://02c1dad.netsolhost.com/index.shtml"><STRONG>USS GEARING HOME PAGE</STRONG> </A></CENTER>
</BODY>
</HTML>
